"Normalized-positional-residue-frequency-at-helix-termini-C""'",0.6387204777848158
Frequency-of-the-2nd-residue-in-turn,0.6379302023949567
Relative-population-of-conformational-state-C,0.6371519922782252
Weights-for-coil-at-the-window-position-of-4,0.6356166862727355
Weights-for-alpha-helix-at-the-window-position-of-4,0.6348294272011582
Average-relative-fractional-occurrence-in-EL,0.6348203782463125
Normalized-positional-residue-frequency-at-helix-termini-C4,0.6348022803366211
Weights-for-alpha-helix-at-the-window-position-of--6,0.6340029559919163
Delta-G-values-for-the-peptides-extrapolated-to-0-M-urea,0.6332699906494133
Normalized-relative-frequency-of-bend-R,0.6317196030525141
Free-energy-in-beta-strand-region,0.6317135704159503
Aperiodic-indices-for-beta-proteins,0.6309202787078092
Weights-for-alpha-helix-at-the-window-position-of-3,0.6293819563840376
Normalized-relative-frequency-of-helix-end,0.628606762585588
Helix-coil-equilibrium-constant,0.6285977136307423
Normalized-positional-residue-frequency-at-helix-termini-N4,0.6285916809941785
Normalized-positional-residue-frequency-at-helix-termini-N3,0.6285856483576147
Normalized-frequency-of-alpha-region,0.6278225198322926
Normalized-frequency-of-chain-reversal-R,0.627050342352125
Weights-for-coil-at-the-window-position-of-1,0.6262660995988296
Weights-for-coil-at-the-window-position-of-3,0.6254878894820981
Free-energy-in-alpha-helical-conformation,0.6254758242089705
Linker-propensity-index,0.6247398425481856
Information-measure-for-C-terminal-helix,0.6247338099116219
Weights-for-beta-sheet-at-the-window-position-of-3,0.6247006304105209
Normalized-positional-residue-frequency-at-helix-termini-N4',0.6246915814556753
Weights-for-alpha-helix-at-the-window-position-of-2,0.6239465508400446
Optical-rotation,0.6231472264953398
Helix-formation-parameters,0.6224021958797092
Alpha-helix-propensity-of-position-44-in-T4-lysozyme,0.6223871142882997
Composition,0.6223810816517359
Information-measure-for-middle-helix,0.622378065333454
Free-energy-in-beta-strand-region,0.6223690163786083
pK-N,0.6216239857629777
Information-measure-for-N-terminal-helix,0.62161192048985
Normalized-positional-residue-frequency-at-helix-termini-C4',0.6215938225801587
Weights-for-beta-sheet-at-the-window-position-of-0,0.6208216450999909
Average-relative-fractional-occurrence-in-ER,0.6200826471209242
Normalized-frequency-of-N-terminal-helix,0.620055500256387
Weights-for-coil-at-the-window-position-of-2,0.6200494676198233
Normalized-frequency-of-the-2nd-and-3rd-residues-in-turn,0.6200494676198233
Principal-component-IV,0.620025337073568
Normalized-frequency-of-alpha-helix-from-CF,0.620025337073568
Weights-for-coil-at-the-window-position-of--2,0.6200193044370043
Beta-strand-indices-for-beta-proteins,0.6192742738213737
Helix-termination-parameter-at-posision-j+1,0.6192742738213737
noname,0.6192712575030918
Average-relative-probability-of-inner-helix,0.6192531595934003
Normalized-relative-frequency-of-alpha-helix,0.6192380780019908
Linker-propensity-from-long-dataset,0.6185081289777697
Weights-for-coil-at-the-window-position-of-0,0.6184960637046422
pK-a,0.6184930473863602
Weights-for-beta-sheet-at-the-window-position-of--1,0.6177088046330649
Normalized-positional-residue-frequency-at-helix-termini-C5,0.617705788314783
Dependence-of-partition-coefficient-on-ionic-strength,0.6169456761077429
Conformational-preference-for-antiparallel-beta-strands,0.6169336108346153
Free-energy-in-alpha-helical-region,0.6161554007178838
Normalized-frequency-of-beta-sheet-in-alpha+beta-class,0.6161554007178838
Relative-preference-value-at-Mid,0.6161493680813199
Normalized-positional-residue-frequency-at-helix-termini-C2,0.6153892558742798
Weights-for-beta-sheet-at-the-window-position-of--2,0.6153802069194342
"Hydrophobicity-coefficient-in-RP-HPLC,-C4-with-0.1%TFA/MeCN/H2O",0.6153771906011523
Weights-for-alpha-helix-at-the-window-position-of-1,0.6146170783941122
Aperiodic-indices-for-alpha/beta-proteins,0.6146140620758302
Relative-preference-value-at-C5,0.6146080294392664
Linker-propensity-from-1-linker-dataset,0.6138509335505082
Principal-component-III,0.6138298193225349
Weights-for-beta-sheet-at-the-window-position-of-1,0.6138268030042531
Flexibility-parameter-for-two-rigid-neighbors,0.6138237866859712
Linker-index,0.6130787560703406
Weights-for-alpha-helix-at-the-window-position-of-0,0.6130576418423672
noname,0.6130365276143939
Normalized-positional-residue-frequency-at-helix-termini-C3,0.6123065785901728
Information-measure-for-extended-without-H-bond,0.6122824480439176
Linker-propensity-from-non-helical,0.6115163032003137
Normalized-frequency-of-N-terminal-non-helical-region,0.6114982052906223
Value-of-theta,0.6107380930835822
Linker-propensity-from-all-dataset,0.6107350767653003
Normalized-frequency-of-C-terminal-helix,0.6107350767653003
Relative-population-of-conformational-state-A,0.6107290441287365
"Normalized-frequency-of-reverse-turn,-with-weights",0.6099448013754412
Average-relative-probability-of-helix,0.6099236871474678
Weights-for-coil-at-the-window-position-of--3,0.6099206708291859
Normalized-positional-residue-frequency-at-helix-termini-C1,0.6099116218743401
Linker-propensity-from-medium-dataset,0.609187705486683
Relative-preference-value-at-N1,0.6091846891684011
"Normalized-frequency-of-reverse-turn,-unweighted",0.6091696075769916
Relative-frequency-in-reverse-turn,0.6091665912587096
Free-energy-in-beta-strand-conformation,0.6091665912587096
Aperiodic-indices,0.6091515096673001
"Helix-initiation-parameter-at-posision-i,i+1,i+2",0.6084155280065152
Zimm-Bragg-parameter-s-at-20-C,0.6084125116882333
Normalized-positional-residue-frequency-at-helix-termini-N',0.608394413778542
"Normalized-positional-residue-frequency-at-helix-termini-N""'",0.60839139746026
noname,0.60763128525322
The-Chou-Fasman-parameter-of-the-coil-conformation,0.6076222362983742
noname,0.6076131873435285
noname,0.6076131873435285
Relative-preference-value-at-C',0.6068470424999246
noname,0.6068440261816427
Composition-of-amino-acids-in-nuclear-proteins,0.6068410098633608
Retention-coefficient-in-HFBA,0.6068410098633608
Free-energies-of-transfer-of-AcWl-X-LL-peptides-from-bilayer-interface-to,0.6068410098633608
"Helix-termination-parameter-at-posision-j-2,j-1,j",0.6068410098633608
Average-relative-fractional-occurrence-in-AR,0.6068198956353875
Conformational-parameter-of-inner-helix,0.6060808976563207
Relative-preference-value-at-N5,0.6060658160649112
Free-energy-change-of-alpha,0.6060658160649112
Retention-coefficient-in-NaClO4,0.6060627997466292
Frequency-of-occurrence-in-beta-bends,0.6060627997466292
Side-chain-torsion-angle-phi,0.6060627997466292
Radius-of-gyration-of-side-chain,0.6060627997466292
Average-reduced-distance-for-C-alpha,0.6060627997466292
van-der-Waals-parameter-R0,0.6060627997466292
van-der-Waals-parameter-epsilon,0.6060627997466292
"Normalized-frequency-of-beta-sheet,-with-weights",0.6060627997466292
Hydrophobicity-index,0.6060627997466292
Hydrophobicity-index,0.6060627997466292
Conformational-preference-for-all-beta-strands,0.6060627997466292
Conformational-preference-for-parallel-beta-strands,0.6060627997466292
Side-chain-angle-theta,0.6060627997466292
Average-surrounding-hydrophobicity,0.6060627997466292
Retention-coefficient-in-NaH2PO4,0.6060627997466292
Normalized-frequency-of-left-handed-alpha-helix,0.6060627997466292
Normalized-frequency-of-zeta-L,0.6060627997466292
Optimized-relative-partition-energies---method-C,0.6060627997466292
Refractivity,0.6060627997466292
"Retention-coefficient-in-HPLC,-pH7.4",0.6060627997466292
"Retention-coefficient-in-HPLC,-pH2.1",0.6060627997466292
Optimized-relative-partition-energies---method-D,0.6060627997466292
Hydrophobic-parameter,0.6060627997466292
Distance-between-C-alpha-and-centroid-of-side-chain,0.6060627997466292
Average-side-chain-orientation-angle,0.6060627997466292
Percentage-of-buried-residues,0.6060627997466292
Percentage-of-exposed-residues,0.6060627997466292
Ratio-of-buried-and-accessible-molar-fractions,0.6060627997466292
Transfer-free-energy,0.6060627997466292
Hydrophobicity,0.6060627997466292
pK,0.6060627997466292
Relative-frequency-of-occurrence,0.6060627997466292
Relative-mutability,0.6060627997466292
Amino-acid-distribution,0.6060627997466292
Sequence-frequency,0.6060627997466292
noname,0.6060627997466292
Average-relative-probability-of-beta-sheet,0.6060627997466292
noname,0.6060627997466292
Average-relative-probability-of-inner-beta-sheet,0.6060627997466292
Flexibility-parameter-for-no-rigid-neighbors,0.6060627997466292
noname,0.6060627997466292
The-Kerr-constant-increments,0.6060627997466292
Side-chain-interaction-parameter,0.6060627997466292
Side-chain-interaction-parameter,0.6060627997466292
Side-chain-volume,0.6060627997466292
Hydropathy-index,0.6060627997466292
Average-reduced-distance-for-side-chain,0.6060627997466292
Normalized-frequency-of-bata-structure,0.6060627997466292
Effective-partition-energy,0.6060627997466292
Normalized-relative-frequency-of-coil,0.6060627997466292
Short-and-medium-range-non-bonded-energy-per-residue,0.6060627997466292
Optimized-beta-structure-coil-equilibrium-constant,0.6060627997466292
Optimized-transfer-energy-parameter,0.6060627997466292
Optimized-average-non-bonded-energy-per-atom,0.6060627997466292
Optimized-side-chain-interaction-parameter,0.6060627997466292
Optimized-relative-partition-energies---method-B,0.6060627997466292
Normalized-frequency-of-beta-sheet-from-CF,0.6060627997466292
Normalized-frequency-of-turn-from-LG,0.6060627997466292
Normalized-frequency-of-alpha-helix-in-all-alpha-class,0.6060627997466292
Composition-of-amino-acids-in-intracellular-proteins,0.6060627997466292
Normalized-frequency-of-beta-sheet-in-all-beta-class,0.6060627997466292
Optimized-relative-partition-energies---method-A,0.6060627997466292
Normalized-frequency-of-beta-sheet-in-alpha/beta-class,0.6060627997466292
Normalized-frequency-of-turn-in-all-alpha-class,0.6060627997466292
Normalized-frequency-of-turn-in-all-beta-class,0.6060627997466292
Normalized-frequency-of-turn-in-alpha+beta-class,0.6060627997466292
HPLC-parameter,0.6060627997466292
Partition-coefficient,0.6060627997466292
Surrounding-hydrophobicity-in-folded-form,0.6060627997466292
Average-gain-in-surrounding-hydrophobicity,0.6060627997466292
Average-gain-ratio-in-surrounding-hydrophobicity,0.6060627997466292
Surrounding-hydrophobicity-in-alpha-helix,0.6060627997466292
Surrounding-hydrophobicity-in-beta-sheet,0.6060627997466292
Average-non-bonded-energy-per-residue,0.6060627997466292
Long-range-non-bonded-energy-per-atom,0.6060627997466292
Short-and-medium-range-non-bonded-energy-per-atom,0.6060627997466292
Transmembrane-regions-of-mt-proteins,0.6060627997466292
AA-composition-of-total-proteins,0.6060627997466292
SD-of-AA-composition-of-total-proteins,0.6060627997466292
AA-composition-of-mt-proteins,0.6060627997466292
Normalized-composition-of-mt-proteins,0.6060627997466292
AA-composition-of-mt-proteins-from-animal,0.6060627997466292
Normalized-composition-from-animal,0.6060627997466292
AA-composition-of-mt-proteins-from-fungi-and-plant,0.6060627997466292
Normalized-composition-from-fungi-and-plant,0.6060627997466292
AA-composition-of-membrane-proteins,0.6060627997466292
Transmembrane-regions-of-non-mt-proteins,0.6060627997466292
Ratio-of-average-and-computed-composition,0.6060627997466292
Average-non-bonded-energy-per-atom,0.6060627997466292
AA-composition-of-CYT-of-single-spanning-proteins,0.6060627997466292
AA-composition-of-CYT2-of-single-spanning-proteins,0.6060627997466292
AA-composition-of-EXT2-of-single-spanning-proteins,0.6060627997466292
AA-composition-of-MEM-of-single-spanning-proteins,0.6060627997466292
AA-composition-of-CYT-of-multi-spanning-proteins,0.6060627997466292
AA-composition-of-EXT-of-multi-spanning-proteins,0.6060627997466292
AA-composition-of-MEM-of-multi-spanning-proteins,0.6060627997466292
8-A-contact-number,0.6060627997466292
14-A-contact-number,0.6060627997466292
"Transfer-energy,-organic-solvent/water",0.6060627997466292
Average-accessible-surface-area,0.6060627997466292
Normalized-relative-frequency-of-bend-S,0.6060627997466292
Normalized-relative-frequency-of-double-bend,0.6060627997466292
Normalized-frequency-of-C-terminal-non-beta-region,0.6060627997466292
Proportion-of-residues-100%-buried,0.6060627997466292
Normalized-frequency-of-beta-turn,0.6060627997466292
Normalized-frequency-of-beta-sheet,0.6060627997466292
Normalized-frequency-of-beta-turn,0.6060627997466292
noname,0.6060627997466292
noname,0.6060627997466292
noname,0.6060627997466292
Normalized-frequency-of-C-terminal-non-helical-region,0.6060627997466292
Normalized-frequency-of-N-terminal-beta-sheet,0.6060627997466292
Normalized-frequency-of-C-terminal-beta-sheet,0.6060627997466292
noname,0.6060627997466292
Residue-accessible-surface-area-in-folded-protein,0.6060627997466292
Frequency-of-the-3rd-residue-in-turn,0.6060627997466292
Frequency-of-the-4th-residue-in-turn,0.6060627997466292
noname,0.6060627997466292
Normalized-hydrophobicity-scales-for-alpha-proteins,0.6060627997466292
Normalized-hydrophobicity-scales-for-beta-proteins,0.6060627997466292
Normalized-hydrophobicity-scales-for-alpha+beta-proteins,0.6060627997466292
Normalized-hydrophobicity-scales-for-alpha/beta-proteins,0.6060627997466292
Normalized-average-hydrophobicity-scales,0.6060627997466292
Partial-specific-volume,0.6060627997466292
Normalized-frequency-of-beta-sheet,0.6060627997466292
Proportion-of-residues-95%-buried,0.6060627997466292
Residue-accessible-surface-area-in-tripeptide,0.6060627997466292
Amino-acid-composition,0.6060627997466292
Transfer-free-energy-to-surface,0.6060627997466292
Hydrophobicity-index,0.6060627997466292
Signal-sequence-helical-potential,0.6060627997466292
Membrane-buried-preference-parameters,0.6060627997466292
Conformational-parameter-of-beta-structure,0.6060627997466292
Conformational-parameter-of-beta-turn,0.6060627997466292
Average-flexibility-indices,0.6060627997466292
Residue-volume,0.6060627997466292
Information-value-for-accessibility;-average-fraction-35%,0.6060627997466292
Information-value-for-accessibility;-average-fraction-23%,0.6060627997466292
Retention-coefficient-in-TFA,0.6060627997466292
Apparent-partial-specific-volume,0.6060627997466292
Average-volume-of-buried-residue,0.6060627997466292
alpha-CH-chemical-shifts,0.6060627997466292
Steric-parameter,0.6060627997466292
Polarizability-parameter,0.6060627997466292
noname,0.6060627997466292
A-parameter-defined-from-the-residuals-obtained-from-the-best-correlation-of,0.6060627997466292
The-number-of-atoms-in-the-side-chain-labelled-1+1,0.6060627997466292
The-number-of-atoms-in-the-side-chain-labelled-2+1,0.6060627997466292
The-number-of-atoms-in-the-side-chain-labelled-3+1,0.6060627997466292
The-number-of-bonds-in-the-longest-chain,0.6060627997466292
A-parameter-of-charge-transfer-donor-capability,0.6060627997466292
Size,0.6060627997466292
Relative-mutability,0.6060627997466292
noname,0.6060627997466292
Polarity,0.6060627997466292
Alpha-helix-indices-for-alpha-proteins,0.6060627997466292
noname,0.6060627997466292
Beta-strand-indices-for-alpha/beta-proteins,0.6060627997466292
noname,0.6060627997466292
Aperiodic-indices-for-alpha-proteins,0.6060627997466292
noname,0.6060627997466292
noname,0.6060627997466292
Hydrophobicity-factor,0.6060627997466292
Residue-volume,0.6060627997466292
noname,0.6060627997466292
Volume,0.6060627997466292
noname,0.6060627997466292
Partition-energy,0.6060627997466292
Hydration-number,0.6060627997466292
Hydrophilicity-value,0.6060627997466292
Heat-capacity,0.6060627997466292
Absolute-entropy,0.6060627997466292
Entropy-of-formation,0.6060627997466292
noname,0.6060627997466292
Normalized-relative-frequency-of-bend,0.6060627997466292
noname,0.6060627997466292
Accessibility-reduction-ratio,0.6060627997466292
Partition-coefficient,0.6060627997466292
noname,0.6060627997466292
Membrane-preference-for-cytochrome-b:-MPH89,0.6060627997466292
Hydrophobic-parameter-pi,0.6060627997466292
Average-membrane-preference:-AMP07,0.6060627997466292
Consensus-normalized-hydrophobicity-scale,0.6060627997466292
Solvation-free-energy,0.6060627997466292
Atom-based-hydrophobic-moment,0.6060627997466292
Direction-of-hydrophobic-moment,0.6060627997466292
Molecular-weight,0.6060627997466292
Melting-point,0.6060627997466292
noname,0.6060627997466292
noname,0.6060627997466292
pK-C,0.6060627997466292
Graph-shape-index,0.6060627997466292
Helix-coil-equilibrium-constant,0.6060627997466292
Smoothed-upsilon-steric-parameter,0.6060627997466292
Normalized-van-der-Waals-volume,0.6060627997466292
STERIMOL-length-of-the-side-chain,0.6060627997466292
STERIMOL-minimum-width-of-the-side-chain,0.6060627997466292
STERIMOL-maximum-width-of-the-side-chain,0.6060627997466292
N.m.r.-chemical-shift-of-alpha-carbon,0.6060627997466292
Number-of-hydrogen-bond-donors,0.6060627997466292
Number-of-full-nonbonding-orbitals,0.6060627997466292
Positive-charge,0.6060627997466292
noname,0.6060627997466292
Surrounding-hydrophobicity-in-turn,0.6060627997466292
Normalized-frequency-of-alpha-helix-in-alpha+beta-class,0.6060627997466292
Average-number-of-surrounding-residues,0.6060627997466292
Optimal-matching-hydrophobicity,0.6060627997466292
Normalized-frequency-of-chain-reversal-S,0.6060627997466292
Normalized-frequency-of-chain-reversal-D,0.6060627997466292
Normalized-frequency-of-left-handed-helix,0.6060627997466292
Normalized-frequency-of-zeta-R,0.6060627997466292
Normalized-frequency-of-coil,0.6060627997466292
Normalized-frequency-of-chain-reversal,0.6060627997466292
Modified-Kyte-Doolittle-hydrophobicity-scale,0.6060627997466292
Retention-coefficient-at-pH-2,0.6060627997466292
Relative-population-of-conformational-state-E,0.6060627997466292
Electron-ion-interaction-potential,0.6060627997466292
Bitterness,0.6060627997466292
Transfer-free-energy-to-lipophilic-phase,0.6060627997466292
Average-interactions-per-side-chain-atom,0.6060627997466292
RF-value-in-high-salt-chromatography,0.6060627997466292
Propensity-to-be-buried-inside,0.6060627997466292
Free-energy-change-of-epsilon,0.6060627997466292
Polar-requirement,0.6060627997466292
Hydration-potential,0.6060627997466292
Principal-property-value-z1,0.6060627997466292
Principal-property-value-z2,0.6060627997466292
"Unfolding-Gibbs-energy-in-water,-pH7.0",0.6060627997466292
Interactivity-scale-obtained-from-the-contact-matrix,0.6060627997466292
Zimm-Bragg-parameter-sigma-x-1.0E4,0.6060627997466292
The-stability-scale-from-the-knowledge-based-atom-atom-potential,0.6060627997466292
Interactivity-scale-obtained-by-maximizing-the-mean-of-correlation,0.6060627997466292
Relative-preference-value-at-C2,0.6060627997466292
Relative-preference-value-at-C1,0.6060627997466292
Relative-preference-value-at-C-cap,0.6060627997466292
"Relative-preference-value-at-C""",0.6060627997466292
Information-measure-for-extended,0.6060627997466292
Information-measure-for-pleated-sheet,0.6060627997466292
Knowledge-based-membrane-propensity-scale-from-3D_Helix-in-MPtopo-databases,0.6060627997466292
Information-measure-for-turn,0.6060627997466292
Information-measure-for-middle-turn,0.6060627997466292
Information-measure-for-C-terminal-turn,0.6060627997466292
Information-measure-for-loop,0.6060627997466292
Hydration-free-energy,0.6060627997466292
Mean-fractional-area-loss,0.6060627997466292
"Side-chain-hydropathy,-uncorrected-for-solvation",0.6060627997466292
"Side-chain-hydropathy,-corrected-for-solvation",0.6060627997466292
Loss-of-Side-chain-hydropathy-by-helix-formation,0.6060627997466292
Transfer-free-energy,0.6060627997466292
Principal-component-I,0.6060627997466292
Principal-component-II,0.6060627997466292
Knowledge-based-membrane-propensity-scale-from-1D_Helix-in-MPtopo-databases,0.6060627997466292
Interactivity-scale-obtained-by-maximizing-the-mean-of-correlation,0.6060627997466292
"Unfolding-Gibbs-energy-in-water,-pH9.0",0.6060627997466292
"Activation-Gibbs-energy-of-unfolding,-pH7.0",0.6060627997466292
"Activation-Gibbs-energy-of-unfolding,-pH9.0",0.6060627997466292
Hydrophilicity-scale,0.6060627997466292
Interior-composition-of-amino-acids-in-intracellular-proteins-of-thermophiles,0.6060627997466292
Surface-composition-of-amino-acids-in-extracellular-proteins-of-mesophiles,0.6060627997466292
Thermodynamic-beta-sheet-propensity,0.6060627997466292
Turn-propensity-scale-for-transmembrane-helices,0.6060627997466292
p-Values-of-thermophilic-proteins-based-on-the-distributions-of-B-values,0.6060627997466292
Distribution-of-amino-acid-residues-in-the-18-non-redundant-families-of,0.6060627997466292
Distribution-of-amino-acid-residues-in-the-18-non-redundant-families-of,0.6060627997466292
Distribution-of-amino-acid-residues-in-the-alpha-helices-in-thermophilic,0.6060627997466292
Distribution-of-amino-acid-residues-in-the-alpha-helices-in-mesophilic,0.6060627997466292
Side-chain-contribution-to-protein-stability,0.6060627997466292
Hydropathy-scale-based-on-self-information-values-in-the-two-state-model,0.6060627997466292
Hydropathy-scale-based-on-self-information-values-in-the-two-state-model,0.6060627997466292
Hydropathy-scale-based-on-self-information-values-in-the-two-state-model,0.6060627997466292
Hydropathy-scale-based-on-self-information-values-in-the-two-state-model,0.6060627997466292
Hydropathy-scale-based-on-self-information-values-in-the-two-state-model,0.6060627997466292
Hydropathy-scale-based-on-self-information-values-in-the-two-state-model,0.6060627997466292
Alpha-helix-propensity-derived-from-designed-sequences,0.6060627997466292
Beta-sheet-propensity-derived-from-designed-sequences,0.6060627997466292
Composition-of-amino-acids-in-extracellular-proteins,0.6060627997466292
Composition-of-amino-acids-in-anchored-proteins,0.6060627997466292
Composition-of-amino-acids-in-membrane-proteins,0.6060627997466292
Interior-composition-of-amino-acids-in-intracellular-proteins-of-mesophiles,0.6060627997466292
Normalized-flexibility-parameters,0.6060627997466292
Normalized-flexibility-parameters,0.6060627997466292
Electron-ion-interaction-potential-values,0.6060627997466292
Hydrophobicity,0.6060627997466292
Bulkiness,0.6060627997466292
Polarity,0.6060627997466292
RF-rank,0.6060627997466292
"Hydrophobicity-coefficient-in-RP-HPLC,-C18-with-0.1%TFA/2-PrOH/MeCN/H2O",0.6060627997466292
"Hydrophobicity-coefficient-in-RP-HPLC,-C8-with-0.1%TFA/MeCN/H2O",0.6060627997466292
"Normalized-positional-residue-frequency-at-helix-termini-N""",0.6060627997466292
"Hydrophobicity-coefficient-in-RP-HPLC,-C18-with-0.1%TFA/MeCN/H2O",0.6060627997466292
Hydrophobicity-scales,0.6060627997466292
Volumes-not-including-the-crystallographic-waters-using-the-ProtOr,0.6060627997466292
Normalized-flexibility-parameters,0.6060627997466292
Volumes-including-the-crystallographic-waters-using-the-ProtOr,0.6060627997466292
Amphiphilicity-index,0.6060627997466292
Entire-chain-compositino-of-amino-acids-in-nuclear-proteins,0.6060627997466292
Entire-chain-composition-of-amino-acids-in-extracellular-proteins-of,0.6060627997466292
Normalized-positional-residue-frequency-at-helix-termini-C',0.6060627997466292
Entire-chain-composition-of-amino-acids-in-intracellular-proteins-of,0.6060627997466292
Entire-chain-composition-of-amino-acids-in-intracellular-proteins-of,0.6060627997466292
Interior-composition-of-amino-acids-in-nuclear-proteins,0.6060627997466292
Interior-composition-of-amino-acids-in-extracellular-proteins-of-mesophiles,0.6060627997466292
Relative-preference-value-at-C3,0.6060627997466292
Mean-area-buried-on-transfer,0.6060627997466292
alpha-CH-chemical-shifts,0.6060627997466292
Average-relative-fractional-occurrence-in-AL,0.6060627997466292
Weights-for-beta-sheet-at-the-window-position-of--6,0.6060627997466292
Weights-for-beta-sheet-at-the-window-position-of--4,0.6060627997466292
Average-volumes-of-residues,0.6060627997466292
Average-relative-fractional-occurrence-in-E0,0.6060627997466292
Weights-for-beta-sheet-at-the-window-position-of--3,0.6060627997466292
Average-relative-fractional-occurrence-in-AL,0.6060627997466292
Average-relative-fractional-occurrence-in-A0,0.6060627997466292
Average-relative-fractional-occurrence-in-ER,0.6060627997466292
NNEIG-index,0.6060627997466292
Hydrophobicity-scale-from-native-protein-structures,0.6060627997466292
Scaled-side-chain-hydrophobicity-values,0.6060627997466292
Average-relative-fractional-occurrence-in-E0,0.6060627997466292
"Hydrophobicity-index,-3.0-pH",0.6060627997466292
noname,0.6060627997466292
Average-relative-fractional-occurrence-in-A0,0.6060627997466292
SWEIG-index,0.6060627997466292
Weights-for-beta-sheet-at-the-window-position-of-4,0.6060627997466292
Weights-for-beta-sheet-at-the-window-position-of-5,0.6060627997466292
Side-chain-orientational-preference,0.6060627997466292
Weights-for-coil-at-the-window-position-of--6,0.6060627997466292
Average-reduced-distance-for-side-chain,0.6060627997466292
Average-reduced-distance-for-C-alpha,0.6060627997466292
Weights-for-coil-at-the-window-position-of-6,0.6060627997466292
Hydrophobicity-index,0.6060627997466292
Average-internal-preferences,0.6060627997466292
Hydrophobicity-related-index,0.6060627997466292
Weights-for-coil-at-the-window-position-of--5,0.6060627997466292
Apparent-partition-energies-calculated-from-Wertz-Scheraga-index,0.6060627997466292
Apparent-partition-energies-calculated-from-Janin-index,0.6060627997466292
Weights-for-coil-at-the-window-position-of--4,0.6060627997466292
Apparent-partition-energies-calculated-from-Chothia-index,0.6060627997466292
Value-of-theta,0.6060627997466292
Weights-from-the-IFH-scale,0.6060627997466292
Relative-preference-value-at-N2,0.6060627997466292
Relative-partition-energies-derived-by-the-Bethe-approximation,0.6060627997466292
TOTLS-index,0.6060627997466292
Beta-coil-equilibrium-constant,0.6060627997466292
TOTFT-index,0.6060627997466292
Buriability,0.6060627997466292
Relative-frequency-in-beta-sheet,0.6060627997466292
Relative-preference-value-at-N',0.6060627997466292
Mean-volumes-of-residues-buried-in-protein-interiors,0.6060627997466292
"Relative-preference-value-at-N""",0.6060627997466292
Weights-for-alpha-helix-at-the-window-position-of--4,0.6060627997466292
Mean-polarity,0.6060627997466292
Weights-for-alpha-helix-at-the-window-position-of--3,0.6060627997466292
Weights-for-alpha-helix-at-the-window-position-of--2,0.6060627997466292
Energy-transfer-from-out-to-in,0.6060627997466292
Hydrophobicity,0.6060627997466292
Correlation-coefficient-in-regression-analysis,0.6060627997466292
ALTFT-index,0.6060627997466292
PRILS-index,0.6060627997466292
Transfer-free-energy-from-vap-to-oct,0.6060627997466292
PRIFT-index,0.6060627997466292
Transfer-free-energy-from-chx-to-oct,0.6060627997466292
Transfer-free-energy-from-vap-to-chx,0.6060627997466292
Transfer-free-energy-from-oct-to-wat,0.6060627997466292
The-relative-stability-scale-extracted-from-mutation-experiments,0.6060627997466292
Transfer-free-energy-from-chx-to-wat,0.6060627997466292
Slope-in-regression-analysis-x-1.0E1,0.6060627997466292
AA-composition-of-EXT-of-single-spanning-proteins,0.6060597834283474
Localized-electrical-effect,0.6060477181552197
Normalized-frequency-of-alpha-helix,0.6060296202455283
Hydropathy-scale-based-on-self-information-values-in-the-two-state-model,0.6052966549030254
Weights-for-alpha-helix-at-the-window-position-of--1,0.6052936385847435
Normalized-positional-residue-frequency-at-helix-termini-N1,0.6052936385847435
Free-energy-change-of-epsilon,0.6052845896298977
Relative-preference-value-at-N3,0.6052845896298977
"Free-energy-of-solution-in-water,-kcal/mole",0.605278556993334
Optimized-propensity-to-form-reverse-turn,0.605278556993334
Weights-for-alpha-helix-at-the-window-position-of-5,0.6045184447862939
Propensity-of-amino-acids-within-pi-helices,0.604515428468012
Isoelectric-point,0.6045124121497301
Fraction-of-site-occupied-by-water,0.6045093958314481
Alpha-helix-indices-for-beta-proteins,0.6045093958314481
Normalized-frequency-of-beta-sheet-from-LG,0.6045063795131662
Normalized-frequency-of-alpha-helix-in-alpha/beta-class,0.6045063795131662
Weights-for-alpha-helix-at-the-window-position-of--5,0.6045063795131662
Surface-composition-of-amino-acids-in-intracellular-proteins-of-mesophiles,0.6045063795131662
Average-relative-fractional-occurrence-in-AR,0.6045063795131662
Surface-composition-of-amino-acids-in-intracellular-proteins-of-thermophiles,0.6045033631948844
Principal-property-value-z3,0.6044943142400386
Surface-composition-of-amino-acids-in-nuclear-proteins,0.6044912979217567
Negative-charge,0.6044882816034749
Normalized-flexibility-parameters,0.6037402346695624
Normalized-frequency-of-turn-from-CF,0.6037311857147166
Linker-propensity-from-small-dataset,0.6037281693964347
Beta-strand-indices,0.6037281693964347
"Normalized-frequency-of-beta-sheet,-unweighted",0.6037251530781529
Normalized-frequency-of-middle-helix,0.6036949898953338
Linker-propensity-from-3-linker-dataset,0.602959008234549
Net-charge,0.602959008234549
Normalized-frequency-of-isolated-helix,0.602955991916267
Information-measure-for-coil,0.6029529755979851
Normalized-frequency-of-extended-structure,0.6029499592797032
"Transfer-free-energy,-CHP/water",0.6029499592797032
Normalized-frequency-of-zeta-R,0.6029439266431394
Information-measure-for-alpha-helix,0.6029409103248575
Weights-for-coil-at-the-window-position-of--1,0.6029378940065756
Alpha-helix-indices,0.6029197960968841
Weights-for-beta-sheet-at-the-window-position-of-2,0.6021868307543812
Intercept-in-regression-analysis,0.6021747654812536
A-parameter-of-charge-transfer-capability,0.6021747654812536
Normalized-frequency-of-extended-structure,0.6021717491629717
Normalized-frequency-of-extended-structure,0.6021717491629717
Normalized-frequency-of-turn-in-alpha/beta-class,0.6021717491629717
Normalized-positional-residue-frequency-at-helix-termini-N5,0.6021717491629717
Alpha-helix-indices-for-alpha/beta-proteins,0.602162700208126
Weights-for-beta-sheet-at-the-window-position-of--5,0.601399571682804
Linker-propensity-from-2-linker-dataset,0.6013965553645221
Frequency-of-the-1st-residue-in-turn,0.6013935390462402
Normalized-composition-of-membrane-proteins,0.6013935390462402
Normalized-positional-residue-frequency-at-helix-termini-N2,0.6013905227279583
Relative-frequency-in-alpha-helix,0.6013875064096764
"Normalized-frequency-of-alpha-helix,-with-weights",0.6013875064096764
Information-measure-for-N-terminal-turn,0.6013875064096763
Linker-propensity-from-helical,0.6013814737731126
Weights-for-alpha-helix-at-the-window-position-of-6,0.5998582330407505
Helix-initiation-parameter-at-posision-i-1,0.5998461677676229
Average-relative-fractional-occurrence-in-EL,0.5990890718788646
Weights-for-coil-at-the-window-position-of-5,0.599080022924019
Accessible-surface-area,0.599077006605737
Weights-for-beta-sheet-at-the-window-position-of-6,0.5990649413326095
Normalized-frequency-of-turn,0.5990589086960456
ALTLS-index,0.598313878080415
Flexibility-parameter-for-one-rigid-neighbor,0.5983078454438513
Relative-preference-value-at-N4,0.5983018128072874
Normalized-relative-frequency-of-extended-structure,0.5982927638524418
Normalized-positional-residue-frequency-at-helix-termini-Cc,0.5982897475341599
"Hydrostatic-pressure-asymmetry-index,-PAI",0.598283714897596
Relative-preference-value-at-N-cap,0.5982806985793141
Normalized-frequency-of-alpha-helix,0.5982746659427503
"Normalized-frequency-of-alpha-helix,-unweighted",0.5982716496244684
alpha-NH-chemical-shifts,0.5975417006002474
Relative-preference-value-at-C4,0.5975236026905559
Normalized-frequency-of-alpha-helix-from-LG,0.5974904231894549
p-Values-of-mesophilic-proteins-based-on-the-distributions-of-B-values,0.595198021295207
Spin-spin-coupling-constants-3JHalpha-NH,0.5944107622236298
Normalized-frequency-of-N-terminal-non-beta-region,0.5943986969505023
Averaged-turn-propensities-in-a-transmembrane-helix,0.5936295357886164
Normalized-frequency-of-alpha-helix,0.5935963562875155
Normalized-frequency-of-alpha-helix,0.5935963562875154
Normalized-frequency-of-alpha-helix,0.5928241788073477
Normalized-positional-residue-frequency-at-helix-termini-Nc,0.5913280849395228
Normalized-frequency-of-coil,0.5912798238470123
"Normalized-positional-residue-frequency-at-helix-termini-C""",0.5889602750882273
