,id,scores
"Normalized-positional-residue-frequency-at-helix-termini-C""'",420,0.6425813651856543
Average-relative-fractional-occurrence-in-EL,302,0.6394896389467017
Weights-for-coil-at-the-window-position-of-4,293,0.6387053961934063
Frequency-of-the-2nd-residue-in-turn,49,0.6379392513498023
Alpha-helix-propensity-of-position-44-in-T4-lysozyme,436,0.6364129942991584
Weights-for-alpha-helix-at-the-window-position-of-4,267,0.6364039453443128
Weights-for-alpha-helix-at-the-window-position-of-3,266,0.6364009290260307
Free-energy-in-beta-strand-region,432,0.6356166862727355
Normalized-positional-residue-frequency-at-helix-termini-N3,409,0.6325038458058094
Normalized-frequency-of-alpha-region,175,0.6317316683256416
Normalized-frequency-of-chain-reversal-R,368,0.6317256356890779
Normalized-positional-residue-frequency-at-helix-termini-C4,413,0.6317075377793865
Relative-population-of-conformational-state-C,376,0.6316864235514131
Delta-G-values-for-the-peptides-extrapolated-to-0-M-urea,422,0.6309534582089101
Weights-for-coil-at-the-window-position-of-1,290,0.6309504418906282
Weights-for-beta-sheet-at-the-window-position-of-3,279,0.6309142460712455
Helix-coil-equilibrium-constant,255,0.630163182819051
Normalized-relative-frequency-of-helix-end,123,0.6301511175459235
Normalized-relative-frequency-of-bend-R,121,0.6293849727023195
Weights-for-alpha-helix-at-the-window-position-of--6,257,0.6293729074291919
Principal-component-IV,361,0.6293638584743462
Weights-for-coil-at-the-window-position-of--2,287,0.628606762585588
Weights-for-alpha-helix-at-the-window-position-of-2,265,0.6278496666968298
Aperiodic-indices-for-beta-proteins,105,0.6278285524688565
Information-measure-for-middle-helix,340,0.627080505534944
Optical-rotation,73,0.627050342352125
Weights-for-coil-at-the-window-position-of-3,292,0.6262992790999306
pK-N,74,0.626287213826803
Normalized-positional-residue-frequency-at-helix-termini-N4',402,0.6262449853708564
Free-energy-in-alpha-helical-conformation,428,0.6247428588664675
Weights-for-coil-at-the-window-position-of-2,291,0.6247338099116219
Normalized-positional-residue-frequency-at-helix-termini-N4,410,0.6239616324314541
Normalized-frequency-of-the-2nd-and-3rd-residues-in-turn,52,0.6231804059964408
Information-measure-for-C-terminal-helix,341,0.622405212197991
Linker-propensity-from-non-helical,498,0.6223871142882997
Information-measure-for-N-terminal-helix,339,0.6216270020812595
Weights-for-alpha-helix-at-the-window-position-of-0,263,0.6216179531264139
noname,542,0.621614936808132
Linker-propensity-index,487,0.6216028715350044
Helix-formation-parameters,423,0.6208548246010919
Weights-for-beta-sheet-at-the-window-position-of-0,276,0.6208367266914004
Helix-termination-parameter-at-posision-j+1,94,0.6200796308026423
Relative-preference-value-at-Mid,329,0.6200675655295147
Normalized-frequency-of-beta-sheet-in-alpha+beta-class,232,0.6200434349832594
Free-energy-in-beta-strand-region,431,0.619292371731065
Linker-index,502,0.6192863390945013
Normalized-positional-residue-frequency-at-helix-termini-C2,415,0.6192833227762193
Free-energy-in-alpha-helical-region,429,0.6192772901396555
Composition,109,0.6185111452960517
Normalized-positional-residue-frequency-at-helix-termini-C4',421,0.6185081289777697
Beta-strand-indices-for-beta-proteins,101,0.618499080022924
Weights-for-beta-sheet-at-the-window-position-of-1,277,0.618499080022924
Normalized-frequency-of-N-terminal-helix,40,0.6177419841341658
Normalized-relative-frequency-of-alpha-helix,118,0.6177269025427563
pK-a,89,0.6177238862244744
Weights-for-coil-at-the-window-position-of--3,286,0.6177238862244744
Average-relative-fractional-occurrence-in-ER,310,0.6169366271528972
Principal-component-III,360,0.6169336108346153
Weights-for-alpha-helix-at-the-window-position-of-1,264,0.6162066781286761
Conformational-parameter-of-inner-helix,4,0.6161825475824209
Weights-for-beta-sheet-at-the-window-position-of--5,271,0.6161795312641389
Dependence-of-partition-coefficient-on-ionic-strength,396,0.6161734986275752
Normalized-frequency-of-alpha-helix-from-CF,223,0.6161734986275752
Linker-propensity-from-long-dataset,496,0.6161674659910114
Relative-preference-value-at-C5,330,0.6153952885108437
Linker-propensity-from-1-linker-dataset,491,0.6153952885108437
Conformational-preference-for-antiparallel-beta-strands,168,0.6153862395559979
Information-measure-for-N-terminal-turn,346,0.6146321599855217
Average-relative-probability-of-inner-helix,139,0.6146231110306759
Relative-preference-value-at-C',336,0.6146140620758302
"Hydrophobicity-coefficient-in-RP-HPLC,-C4-with-0.1%TFA/MeCN/H2O",479,0.6145929478478569
Weights-for-beta-sheet-at-the-window-position-of--1,275,0.6138388682773807
Value-of-theta,312,0.6138358519590987
Weights-for-beta-sheet-at-the-window-position-of--2,274,0.6130666907972129
Weights-for-alpha-helix-at-the-window-position-of-5,268,0.6130516092058034
Retention-coefficient-in-HFBA,12,0.6130425602509577
Relative-preference-value-at-N1,324,0.6123095949084547
Principal-property-value-z3,391,0.6122945133170452
Aperiodic-indices-for-alpha/beta-proteins,106,0.6122945133170452
Flexibility-parameter-for-two-rigid-neighbors,143,0.6122824480439176
Normalized-positional-residue-frequency-at-helix-termini-C1,416,0.6122824480439176
noname,545,0.6122764154073538
Linker-propensity-from-all-dataset,490,0.6122673664525081
Normalized-positional-residue-frequency-at-helix-termini-C3,414,0.6115012216089042
"Helix-initiation-parameter-at-posision-i,i+1,i+2",92,0.6107501583567098
Free-energy-in-beta-strand-conformation,430,0.6107260278104546
Normalized-frequency-of-C-terminal-helix,41,0.6099659156034145
Relative-population-of-conformational-state-A,375,0.6099478176937231
Average-relative-probability-of-helix,137,0.6099417850571592
Relative-frequency-in-reverse-turn,254,0.6091846891684011
Normalized-positional-residue-frequency-at-helix-termini-C5,412,0.6091816728501191
p-Values-of-mesophilic-proteins-based-on-the-distributions-of-B-values,437,0.6091726238952735
Relative-preference-value-at-N-cap,323,0.6091545259855821
Normalized-frequency-of-N-terminal-non-helical-region,42,0.6091545259855821
Free-energies-of-transfer-of-AcWl-X-LL-peptides-from-bilayer-interface-to,433,0.6084004464151057
"Helix-termination-parameter-at-posision-j-2,j-1,j",93,0.608394413778542
Intercept-in-regression-analysis,248,0.6083883811419781
Optimized-propensity-to-form-reverse-turn,218,0.6083853648236962
The-Chou-Fasman-parameter-of-the-coil-conformation,23,0.6083853648236962
Normalized-frequency-of-alpha-helix,37,0.6076252526166561
Information-measure-for-extended-without-H-bond,344,0.6076162036618105
"Normalized-positional-residue-frequency-at-helix-termini-N""'",403,0.6076162036618105
Fraction-of-site-occupied-by-water,148,0.6076131873435285
noname,546,0.6076041383886828
"Normalized-frequency-of-reverse-turn,-with-weights",161,0.6068530751364885
Linker-propensity-from-3-linker-dataset,493,0.6068440261816427
"Normalized-frequency-of-beta-sheet,-unweighted",163,0.6068440261816427
AA-composition-of-CYT-of-single-spanning-proteins,201,0.6068410098633608
Side-chain-interaction-parameter,147,0.6068410098633608
Relative-preference-value-at-N3,326,0.606837993545079
Composition-of-amino-acids-in-nuclear-proteins,459,0.606834977226797
alpha-NH-chemical-shifts,15,0.6060839139746026
Linker-propensity-from-2-linker-dataset,492,0.606071848701475
Weights-for-coil-at-the-window-position-of-0,289,0.606071848701475
Normalized-frequency-of-isolated-helix,366,0.6060688323831931
Normalized-frequency-of-alpha-helix,170,0.6060658160649112
Free-energy-change-of-alpha,385,0.6060658160649112
AA-composition-of-MEM-of-single-spanning-proteins,205,0.6060627997466292
AA-composition-of-EXT2-of-single-spanning-proteins,204,0.6060627997466292
Proportion-of-residues-95%-buried,34,0.6060627997466292
AA-composition-of-CYT2-of-single-spanning-proteins,202,0.6060627997466292
AA-composition-of-mt-proteins,190,0.6060627997466292
Average-reduced-distance-for-C-alpha,181,0.6060627997466292
Average-reduced-distance-for-side-chain,182,0.6060627997466292
Average-side-chain-orientation-angle,183,0.6060627997466292
Effective-partition-energy,184,0.6060627997466292
Normalized-frequency-of-bata-structure,186,0.6060627997466292
AA-composition-of-total-proteins,188,0.6060627997466292
SD-of-AA-composition-of-total-proteins,189,0.6060627997466292
Normalized-composition-of-mt-proteins,191,0.6060627997466292
Ratio-of-average-and-computed-composition,200,0.6060627997466292
AA-composition-of-mt-proteins-from-animal,192,0.6060627997466292
Normalized-composition-from-animal,193,0.6060627997466292
AA-composition-of-mt-proteins-from-fungi-and-plant,194,0.6060627997466292
Normalized-composition-from-fungi-and-plant,195,0.6060627997466292
Normalized-composition-of-membrane-proteins,197,0.6060627997466292
Transmembrane-regions-of-non-mt-proteins,198,0.6060627997466292
Transmembrane-regions-of-mt-proteins,199,0.6060627997466292
AA-composition-of-membrane-proteins,196,0.6060627997466292
Optimized-transfer-energy-parameter,219,0.6060627997466292
AA-composition-of-CYT-of-multi-spanning-proteins,206,0.6060627997466292
Accessibility-reduction-ratio,246,0.6060627997466292
Average-gain-in-surrounding-hydrophobicity,241,0.6060627997466292
Average-gain-ratio-in-surrounding-hydrophobicity,242,0.6060627997466292
Surrounding-hydrophobicity-in-alpha-helix,243,0.6060627997466292
Retention-coefficient-in-TFA,11,0.6060627997466292
Information-value-for-accessibility;-average-fraction-23%,10,0.6060627997466292
Information-value-for-accessibility;-average-fraction-35%,9,0.6060627997466292
Residue-volume,8,0.6060627997466292
Surrounding-hydrophobicity-in-beta-sheet,244,0.6060627997466292
Average-flexibility-indices,7,0.6060627997466292
Surrounding-hydrophobicity-in-turn,245,0.6060627997466292
Average-number-of-surrounding-residues,247,0.6060627997466292
Partition-coefficient,239,0.6060627997466292
Slope-in-regression-analysis-x-1.0E1,249,0.6060627997466292
Correlation-coefficient-in-regression-analysis,250,0.6060627997466292
Hydrophobicity,251,0.6060627997466292
Relative-frequency-in-beta-sheet,253,0.6060627997466292
Conformational-parameter-of-beta-turn,6,0.6060627997466292
Beta-coil-equilibrium-constant,256,0.6060627997466292
Membrane-buried-preference-parameters,3,0.6060627997466292
Signal-sequence-helical-potential,2,0.6060627997466292
Hydrophobicity-index,1,0.6060627997466292
Weights-for-alpha-helix-at-the-window-position-of--5,258,0.6060627997466292
Surrounding-hydrophobicity-in-folded-form,240,0.6060627997466292
HPLC-parameter,238,0.6060627997466292
AA-composition-of-EXT-of-multi-spanning-proteins,207,0.6060627997466292
Transfer-free-energy-to-surface,13,0.6060627997466292
AA-composition-of-MEM-of-multi-spanning-proteins,208,0.6060627997466292
8-A-contact-number,209,0.6060627997466292
14-A-contact-number,210,0.6060627997466292
"Transfer-energy,-organic-solvent/water",211,0.6060627997466292
Average-non-bonded-energy-per-atom,212,0.6060627997466292
Short-and-medium-range-non-bonded-energy-per-atom,213,0.6060627997466292
Long-range-non-bonded-energy-per-atom,214,0.6060627997466292
Average-non-bonded-energy-per-residue,215,0.6060627997466292
Short-and-medium-range-non-bonded-energy-per-residue,216,0.6060627997466292
Optimized-beta-structure-coil-equilibrium-constant,217,0.6060627997466292
Optimized-average-non-bonded-energy-per-atom,220,0.6060627997466292
Normalized-frequency-of-turn-in-alpha/beta-class,237,0.6060627997466292
Optimized-side-chain-interaction-parameter,221,0.6060627997466292
Normalized-frequency-of-beta-sheet-from-CF,225,0.6060627997466292
Normalized-frequency-of-turn-from-LG,226,0.6060627997466292
Normalized-frequency-of-alpha-helix-in-all-alpha-class,228,0.6060627997466292
Normalized-frequency-of-alpha-helix-in-alpha+beta-class,229,0.6060627997466292
Normalized-frequency-of-beta-sheet-in-all-beta-class,231,0.6060627997466292
Normalized-frequency-of-beta-sheet-in-alpha/beta-class,233,0.6060627997466292
Normalized-frequency-of-turn-in-all-alpha-class,234,0.6060627997466292
Normalized-frequency-of-turn-in-all-beta-class,235,0.6060627997466292
Normalized-frequency-of-turn-in-alpha+beta-class,236,0.6060627997466292
Retention-coefficient-in-NaH2PO4,180,0.6060627997466292
Distance-between-C-alpha-and-centroid-of-side-chain,153,0.6060627997466292
Retention-coefficient-in-NaClO4,179,0.6060627997466292
Melting-point,72,0.6060627997466292
Average-volume-of-buried-residue,31,0.6060627997466292
pK-C,75,0.6060627997466292
Hydrophobic-parameter-pi,76,0.6060627997466292
Graph-shape-index,77,0.6060627997466292
Smoothed-upsilon-steric-parameter,78,0.6060627997466292
Normalized-van-der-Waals-volume,79,0.6060627997466292
STERIMOL-length-of-the-side-chain,80,0.6060627997466292
STERIMOL-minimum-width-of-the-side-chain,81,0.6060627997466292
STERIMOL-maximum-width-of-the-side-chain,82,0.6060627997466292
Number-of-hydrogen-bond-donors,85,0.6060627997466292
Number-of-full-nonbonding-orbitals,86,0.6060627997466292
Positive-charge,87,0.6060627997466292
Helix-coil-equilibrium-constant,90,0.6060627997466292
Partition-coefficient,95,0.6060627997466292
Alpha-helix-indices-for-alpha-proteins,97,0.6060627997466292
Beta-strand-indices,100,0.6060627997466292
Beta-strand-indices-for-alpha/beta-proteins,102,0.6060627997466292
Aperiodic-indices-for-alpha-proteins,104,0.6060627997466292
A-parameter-of-charge-transfer-donor-capability,30,0.6060627997466292
Hydrophobicity-factor,107,0.6060627997466292
Residue-volume,108,0.6060627997466292
Polarity,110,0.6060627997466292
Volume,111,0.6060627997466292
Residue-accessible-surface-area-in-tripeptide,32,0.6060627997466292
Molecular-weight,71,0.6060627997466292
Hydration-number,113,0.6060627997466292
Direction-of-hydrophobic-moment,70,0.6060627997466292
Normalized-frequency-of-beta-turn,36,0.6060627997466292
Normalized-frequency-of-beta-sheet,38,0.6060627997466292
Normalized-frequency-of-N-terminal-beta-sheet,44,0.6060627997466292
Normalized-frequency-of-C-terminal-beta-sheet,45,0.6060627997466292
Normalized-frequency-of-C-terminal-non-beta-region,47,0.6060627997466292
Residue-accessible-surface-area-in-folded-protein,33,0.6060627997466292
Frequency-of-the-3rd-residue-in-turn,50,0.6060627997466292
Frequency-of-the-4th-residue-in-turn,51,0.6060627997466292
Normalized-hydrophobicity-scales-for-alpha-proteins,53,0.6060627997466292
Normalized-hydrophobicity-scales-for-beta-proteins,54,0.6060627997466292
Normalized-hydrophobicity-scales-for-alpha+beta-proteins,55,0.6060627997466292
Normalized-hydrophobicity-scales-for-alpha/beta-proteins,56,0.6060627997466292
Normalized-average-hydrophobicity-scales,57,0.6060627997466292
Partial-specific-volume,58,0.6060627997466292
Normalized-frequency-of-beta-sheet,60,0.6060627997466292
Size,62,0.6060627997466292
Amino-acid-composition,63,0.6060627997466292
Relative-mutability,64,0.6060627997466292
Membrane-preference-for-cytochrome-b:-MPH89,65,0.6060627997466292
Average-membrane-preference:-AMP07,66,0.6060627997466292
Consensus-normalized-hydrophobicity-scale,67,0.6060627997466292
Solvation-free-energy,68,0.6060627997466292
Atom-based-hydrophobic-moment,69,0.6060627997466292
Partition-energy,112,0.6060627997466292
Hydrophilicity-value,114,0.6060627997466292
"Retention-coefficient-in-HPLC,-pH2.1",178,0.6060627997466292
Weights-for-alpha-helix-at-the-window-position-of--3,260,0.6060627997466292
Average-relative-probability-of-inner-beta-sheet,140,0.6060627997466292
Flexibility-parameter-for-no-rigid-neighbors,141,0.6060627997466292
The-Kerr-constant-increments,144,0.6060627997466292
Side-chain-interaction-parameter,146,0.6060627997466292
Side-chain-volume,149,0.6060627997466292
Hydropathy-index,150,0.6060627997466292
Hydrophobic-parameter,152,0.6060627997466292
Proportion-of-residues-100%-buried,35,0.6060627997466292
Side-chain-angle-theta,154,0.6060627997466292
Side-chain-torsion-angle-phi,155,0.6060627997466292
Radius-of-gyration-of-side-chain,156,0.6060627997466292
van-der-Waals-parameter-R0,157,0.6060627997466292
van-der-Waals-parameter-epsilon,158,0.6060627997466292
"Normalized-frequency-of-beta-sheet,-with-weights",160,0.6060627997466292
Frequency-of-occurrence-in-beta-bends,165,0.6060627997466292
Conformational-preference-for-all-beta-strands,166,0.6060627997466292
Conformational-preference-for-parallel-beta-strands,167,0.6060627997466292
Average-surrounding-hydrophobicity,169,0.6060627997466292
Normalized-frequency-of-left-handed-alpha-helix,173,0.6060627997466292
Normalized-frequency-of-zeta-L,174,0.6060627997466292
Apparent-partial-specific-volume,14,0.6060627997466292
Refractivity,176,0.6060627997466292
"Retention-coefficient-in-HPLC,-pH7.4",177,0.6060627997466292
alpha-CH-chemical-shifts,16,0.6060627997466292
Average-relative-probability-of-beta-sheet,138,0.6060627997466292
Heat-capacity,115,0.6060627997466292
Steric-parameter,20,0.6060627997466292
Absolute-entropy,116,0.6060627997466292
Entropy-of-formation,117,0.6060627997466292
Normalized-relative-frequency-of-bend,120,0.6060627997466292
The-number-of-bonds-in-the-longest-chain,28,0.6060627997466292
Normalized-relative-frequency-of-bend-S,122,0.6060627997466292
The-number-of-atoms-in-the-side-chain-labelled-3+1,27,0.6060627997466292
Normalized-relative-frequency-of-double-bend,124,0.6060627997466292
Normalized-relative-frequency-of-coil,125,0.6060627997466292
Average-accessible-surface-area,126,0.6060627997466292
Percentage-of-buried-residues,127,0.6060627997466292
Percentage-of-exposed-residues,128,0.6060627997466292
The-number-of-atoms-in-the-side-chain-labelled-2+1,26,0.6060627997466292
Ratio-of-buried-and-accessible-molar-fractions,129,0.6060627997466292
Transfer-free-energy,130,0.6060627997466292
The-number-of-atoms-in-the-side-chain-labelled-1+1,25,0.6060627997466292
A-parameter-defined-from-the-residuals-obtained-from-the-best-correlation-of,24,0.6060627997466292
Hydrophobicity,131,0.6060627997466292
pK,132,0.6060627997466292
Relative-frequency-of-occurrence,133,0.6060627997466292
Relative-mutability,134,0.6060627997466292
Polarizability-parameter,21,0.6060627997466292
Amino-acid-distribution,135,0.6060627997466292
Sequence-frequency,136,0.6060627997466292
Weights-for-alpha-helix-at-the-window-position-of--4,259,0.6060627997466292
alpha-CH-chemical-shifts,0,0.6060627997466292
Weights-for-alpha-helix-at-the-window-position-of--2,261,0.6060627997466292
Composition-of-amino-acids-in-intracellular-proteins,458,0.6060627997466292
Surface-composition-of-amino-acids-in-extracellular-proteins-of-mesophiles,462,0.6060627997466292
Interior-composition-of-amino-acids-in-intracellular-proteins-of-thermophiles,464,0.6060627997466292
Interior-composition-of-amino-acids-in-intracellular-proteins-of-mesophiles,465,0.6060627997466292
Interior-composition-of-amino-acids-in-extracellular-proteins-of-mesophiles,466,0.6060627997466292
Interior-composition-of-amino-acids-in-nuclear-proteins,467,0.6060627997466292
Entire-chain-composition-of-amino-acids-in-intracellular-proteins-of,468,0.6060627997466292
Entire-chain-composition-of-amino-acids-in-intracellular-proteins-of,469,0.6060627997466292
Entire-chain-composition-of-amino-acids-in-extracellular-proteins-of,470,0.6060627997466292
Entire-chain-compositino-of-amino-acids-in-nuclear-proteins,471,0.6060627997466292
Amphiphilicity-index,472,0.6060627997466292
Volumes-including-the-crystallographic-waters-using-the-ProtOr,473,0.6060627997466292
Volumes-not-including-the-crystallographic-waters-using-the-ProtOr,474,0.6060627997466292
Electron-ion-interaction-potential-values,475,0.6060627997466292
Hydrophobicity-scales,476,0.6060627997466292
"Hydrophobicity-coefficient-in-RP-HPLC,-C18-with-0.1%TFA/MeCN/H2O",477,0.6060627997466292
"Hydrophobicity-coefficient-in-RP-HPLC,-C8-with-0.1%TFA/MeCN/H2O",478,0.6060627997466292
"Hydrophobicity-coefficient-in-RP-HPLC,-C18-with-0.1%TFA/2-PrOH/MeCN/H2O",480,0.6060627997466292
Hydrophilicity-scale,481,0.6060627997466292
Retention-coefficient-at-pH-2,482,0.6060627997466292
Modified-Kyte-Doolittle-hydrophobicity-scale,483,0.6060627997466292
Interactivity-scale-obtained-from-the-contact-matrix,484,0.6060627997466292
Interactivity-scale-obtained-by-maximizing-the-mean-of-correlation,485,0.6060627997466292
Interactivity-scale-obtained-by-maximizing-the-mean-of-correlation,486,0.6060627997466292
Surface-composition-of-amino-acids-in-intracellular-proteins-of-mesophiles,461,0.6060627997466292
Composition-of-amino-acids-in-membrane-proteins,457,0.6060627997466292
Knowledge-based-membrane-propensity-scale-from-3D_Helix-in-MPtopo-databases,489,0.6060627997466292
Composition-of-amino-acids-in-anchored-proteins,456,0.6060627997466292
Polarity,399,0.6060627997466292
RF-rank,401,0.6060627997466292
"Normalized-positional-residue-frequency-at-helix-termini-N""",404,0.6060627997466292
Normalized-positional-residue-frequency-at-helix-termini-C',418,0.6060627997466292
Normalized-flexibility-parameters,424,0.6060627997466292
Normalized-flexibility-parameters,425,0.6060627997466292
Normalized-flexibility-parameters,427,0.6060627997466292
Thermodynamic-beta-sheet-propensity,434,0.6060627997466292
p-Values-of-thermophilic-proteins-based-on-the-distributions-of-B-values,438,0.6060627997466292
Distribution-of-amino-acid-residues-in-the-18-non-redundant-families-of,439,0.6060627997466292
Distribution-of-amino-acid-residues-in-the-18-non-redundant-families-of,440,0.6060627997466292
Distribution-of-amino-acid-residues-in-the-alpha-helices-in-thermophilic,441,0.6060627997466292
Distribution-of-amino-acid-residues-in-the-alpha-helices-in-mesophilic,442,0.6060627997466292
Side-chain-contribution-to-protein-stability,443,0.6060627997466292
Hydropathy-scale-based-on-self-information-values-in-the-two-state-model,445,0.6060627997466292
Hydropathy-scale-based-on-self-information-values-in-the-two-state-model,446,0.6060627997466292
Hydropathy-scale-based-on-self-information-values-in-the-two-state-model,447,0.6060627997466292
Hydropathy-scale-based-on-self-information-values-in-the-two-state-model,448,0.6060627997466292
Hydropathy-scale-based-on-self-information-values-in-the-two-state-model,449,0.6060627997466292
Hydropathy-scale-based-on-self-information-values-in-the-two-state-model,450,0.6060627997466292
Alpha-helix-propensity-derived-from-designed-sequences,453,0.6060627997466292
Beta-sheet-propensity-derived-from-designed-sequences,454,0.6060627997466292
Composition-of-amino-acids-in-extracellular-proteins,455,0.6060627997466292
Knowledge-based-membrane-propensity-scale-from-1D_Helix-in-MPtopo-databases,488,0.6060627997466292
Linker-propensity-from-small-dataset,494,0.6060627997466292
Hydrophobicity,397,0.6060627997466292
Optimized-relative-partition-energies---method-D,528,0.6060627997466292
Hydrophobicity-index,530,0.6060627997466292
noname,531,0.6060627997466292
noname,532,0.6060627997466292
noname,533,0.6060627997466292
noname,534,0.6060627997466292
noname,537,0.6060627997466292
noname,538,0.6060627997466292
noname,539,0.6060627997466292
noname,540,0.6060627997466292
noname,541,0.6060627997466292
noname,543,0.6060627997466292
noname,544,0.6060627997466292
noname,547,0.6060627997466292
noname,548,0.6060627997466292
noname,549,0.6060627997466292
noname,550,0.6060627997466292
noname,551,0.6060627997466292
noname,552,0.6060627997466292
noname,553,0.6060627997466292
noname,554,0.6060627997466292
noname,555,0.6060627997466292
noname,556,0.6060627997466292
noname,557,0.6060627997466292
Hydrophobicity-index,529,0.6060627997466292
Optimized-relative-partition-energies---method-C,527,0.6060627997466292
The-stability-scale-from-the-knowledge-based-atom-atom-potential,499,0.6060627997466292
Optimized-relative-partition-energies---method-B,526,0.6060627997466292
The-relative-stability-scale-extracted-from-mutation-experiments,500,0.6060627997466292
Buriability,501,0.6060627997466292
Mean-volumes-of-residues-buried-in-protein-interiors,503,0.6060627997466292
Average-volumes-of-residues,504,0.6060627997466292
Hydrophobicity-index,506,0.6060627997466292
Average-internal-preferences,507,0.6060627997466292
Hydrophobicity-related-index,508,0.6060627997466292
Apparent-partition-energies-calculated-from-Wertz-Scheraga-index,509,0.6060627997466292
Apparent-partition-energies-calculated-from-Janin-index,510,0.6060627997466292
Apparent-partition-energies-calculated-from-Chothia-index,511,0.6060627997466292
Weights-from-the-IFH-scale,512,0.6060627997466292
"Hydrophobicity-index,-3.0-pH",513,0.6060627997466292
Scaled-side-chain-hydrophobicity-values,514,0.6060627997466292
Hydrophobicity-scale-from-native-protein-structures,515,0.6060627997466292
NNEIG-index,516,0.6060627997466292
SWEIG-index,517,0.6060627997466292
PRIFT-index,518,0.6060627997466292
PRILS-index,519,0.6060627997466292
ALTLS-index,521,0.6060627997466292
TOTFT-index,522,0.6060627997466292
TOTLS-index,523,0.6060627997466292
Relative-partition-energies-derived-by-the-Bethe-approximation,524,0.6060627997466292
Optimized-relative-partition-energies---method-A,525,0.6060627997466292
Bulkiness,398,0.6060627997466292
Turn-propensity-scale-for-transmembrane-helices,435,0.6060627997466292
Normalized-frequency-of-coil,373,0.6060627997466292
Optimal-matching-hydrophobicity,364,0.6060627997466292
Principal-component-II,359,0.6060627997466292
Mean-polarity,320,0.6060627997466292
Energy-transfer-from-out-to-in,319,0.6060627997466292
Transfer-free-energy-from-vap-to-oct,317,0.6060627997466292
Transfer-free-energy-from-chx-to-oct,316,0.6060627997466292
Transfer-free-energy-from-vap-to-chx,315,0.6060627997466292
Zimm-Bragg-parameter-sigma-x-1.0E4,363,0.6060627997466292
Transfer-free-energy-from-oct-to-wat,314,0.6060627997466292
Principal-component-I,358,0.6060627997466292
Transfer-free-energy-from-chx-to-wat,313,0.6060627997466292
Value-of-theta,311,0.6060627997466292
Average-relative-fractional-occurrence-in-E0,309,0.6060627997466292
Average-relative-fractional-occurrence-in-AL,307,0.6060627997466292
Normalized-frequency-of-chain-reversal-D,370,0.6060627997466292
Normalized-frequency-of-left-handed-helix,371,0.6060627997466292
Normalized-frequency-of-zeta-R,372,0.6060627997466292
"Relative-preference-value-at-N""",321,0.6060627997466292
Relative-preference-value-at-N',322,0.6060627997466292
Normalized-frequency-of-chain-reversal,374,0.6060627997466292
Hydration-free-energy,351,0.6060627997466292
Information-measure-for-extended,342,0.6060627997466292
"Activation-Gibbs-energy-of-unfolding,-pH9.0",395,0.6060627997466292
Information-measure-for-turn,345,0.6060627997466292
Information-measure-for-middle-turn,347,0.6060627997466292
Information-measure-for-C-terminal-turn,348,0.6060627997466292
Relative-preference-value-at-C1,334,0.6060627997466292
Information-measure-for-loop,350,0.6060627997466292
Mean-area-buried-on-transfer,352,0.6060627997466292
Transfer-free-energy,357,0.6060627997466292
Relative-preference-value-at-C2,333,0.6060627997466292
Relative-preference-value-at-C3,332,0.6060627997466292
Mean-fractional-area-loss,353,0.6060627997466292
"Side-chain-hydropathy,-uncorrected-for-solvation",354,0.6060627997466292
"Side-chain-hydropathy,-corrected-for-solvation",355,0.6060627997466292
Relative-preference-value-at-N2,325,0.6060627997466292
Loss-of-Side-chain-hydropathy-by-helix-formation,356,0.6060627997466292
"Relative-preference-value-at-C""",337,0.6060627997466292
Relative-preference-value-at-C-cap,335,0.6060627997466292
Average-relative-fractional-occurrence-in-A0,305,0.6060627997466292
Weights-for-beta-sheet-at-the-window-position-of-5,281,0.6060627997466292
Average-reduced-distance-for-C-alpha,296,0.6060627997466292
Hydration-potential,388,0.6060627997466292
Weights-for-coil-at-the-window-position-of-6,295,0.6060627997466292
Principal-property-value-z1,389,0.6060627997466292
Weights-for-coil-at-the-window-position-of--4,285,0.6060627997466292
Weights-for-coil-at-the-window-position-of--5,284,0.6060627997466292
Weights-for-coil-at-the-window-position-of--6,283,0.6060627997466292
noname,558,0.6060627997466292
Polar-requirement,387,0.6060627997466292
Weights-for-beta-sheet-at-the-window-position-of--3,273,0.6060627997466292
Weights-for-beta-sheet-at-the-window-position-of--4,272,0.6060627997466292
Principal-property-value-z2,390,0.6060627997466292
Weights-for-beta-sheet-at-the-window-position-of--6,270,0.6060627997466292
"Unfolding-Gibbs-energy-in-water,-pH7.0",392,0.6060627997466292
"Unfolding-Gibbs-energy-in-water,-pH9.0",393,0.6060627997466292
"Activation-Gibbs-energy-of-unfolding,-pH7.0",394,0.6060627997466292
Average-relative-fractional-occurrence-in-ER,304,0.6060627997466292
Average-reduced-distance-for-side-chain,297,0.6060627997466292
Free-energy-change-of-epsilon,386,0.6060627997466292
Average-relative-fractional-occurrence-in-A0,299,0.6060627997466292
Relative-population-of-conformational-state-E,377,0.6060627997466292
Average-relative-fractional-occurrence-in-E0,303,0.6060627997466292
Average-relative-fractional-occurrence-in-AL,301,0.6060627997466292
Electron-ion-interaction-potential,378,0.6060627997466292
Average-relative-fractional-occurrence-in-AR,300,0.6060627997466292
Transfer-free-energy-to-lipophilic-phase,380,0.6060627997466292
Bitterness,379,0.6060627997466292
Average-interactions-per-side-chain-atom,381,0.6060627997466292
RF-value-in-high-salt-chromatography,382,0.6060627997466292
Propensity-to-be-buried-inside,383,0.6060627997466292
Side-chain-orientational-preference,298,0.6060627997466292
Free-energy-change-of-epsilon,384,0.6060627997466292
noname,536,0.6060597834283474
Weights-for-alpha-helix-at-the-window-position-of-6,269,0.6060597834283474
noname,535,0.6060597834283474
Linker-propensity-from-medium-dataset,495,0.6052906222664616
Information-measure-for-pleated-sheet,343,0.6052876059481797
Normalized-frequency-of-C-terminal-non-helical-region,43,0.6052845896298977
"Transfer-free-energy,-CHP/water",151,0.6052845896298977
"Normalized-frequency-of-alpha-helix,-with-weights",159,0.6045184447862939
Relative-frequency-in-alpha-helix,252,0.6045184447862939
Weights-for-alpha-helix-at-the-window-position-of--1,262,0.604515428468012
Normalized-flexibility-parameters,426,0.604515428468012
Normalized-positional-residue-frequency-at-helix-termini-N5,411,0.6045124121497301
Information-measure-for-coil,349,0.6045124121497301
Weights-for-beta-sheet-at-the-window-position-of-2,278,0.6045124121497301
Normalized-frequency-of-beta-sheet-from-LG,224,0.6045124121497301
Normalized-positional-residue-frequency-at-helix-termini-N',405,0.6045093958314481
Normalized-positional-residue-frequency-at-helix-termini-N1,407,0.6037462673061261
Propensity-of-amino-acids-within-pi-helices,444,0.6037432509878442
Normalized-frequency-of-extended-structure,367,0.6037311857147166
Average-relative-fractional-occurrence-in-AR,306,0.6037311857147166
Normalized-frequency-of-alpha-helix-in-alpha/beta-class,230,0.6037281693964347
Weights-for-beta-sheet-at-the-window-position-of-4,280,0.6037281693964347
Zimm-Bragg-parameter-s-at-20-C,362,0.6029710735076765
Hydropathy-scale-based-on-self-information-values-in-the-two-state-model,451,0.6029710735076765
ALTFT-index,520,0.6029620245528309
Conformational-parameter-of-beta-structure,5,0.6029620245528309
Alpha-helix-indices-for-beta-proteins,98,0.602955991916267
Surface-composition-of-amino-acids-in-intracellular-proteins-of-thermophiles,460,0.602955991916267
Information-measure-for-alpha-helix,338,0.6029529755979851
Normalized-frequency-of-extended-structure,19,0.6029499592797032
Normalized-frequency-of-chain-reversal-S,369,0.6029499592797032
N.m.r.-chemical-shift-of-alpha-carbon,83,0.6029499592797032
Normalized-frequency-of-N-terminal-non-beta-region,46,0.6021898470726631
Weights-for-beta-sheet-at-the-window-position-of-6,282,0.6021868307543812
Aperiodic-indices,103,0.6021807981178174
Normalized-frequency-of-extended-structure,171,0.6021777817995355
Normalized-frequency-of-zeta-R,172,0.6021747654812536
Normalized-positional-residue-frequency-at-helix-termini-N2,408,0.6021687328446899
A-parameter-of-charge-transfer-capability,29,0.6021657165264079
Surface-composition-of-amino-acids-in-nuclear-proteins,463,0.6021627002081259
"Normalized-frequency-of-alpha-helix,-unweighted",162,0.6014146532742135
Normalized-frequency-of-alpha-helix,185,0.6014086206376497
Weights-for-coil-at-the-window-position-of-5,294,0.6014056043193678
Normalized-frequency-of-alpha-helix-from-LG,222,0.6006394594757639
Relative-preference-value-at-N5,328,0.600636443157482
Normalized-frequency-of-middle-helix,59,0.6006304105209181
Normalized-relative-frequency-of-extended-structure,119,0.6006213615660725
Normalized-frequency-of-alpha-helix,18,0.6006213615660725
Localized-electrical-effect,84,0.6006183452477906
noname,559,0.6006153289295086
AA-composition-of-EXT-of-single-spanning-proteins,203,0.6006153289295086
Relative-preference-value-at-C4,331,0.5998672819955961
Net-charge,145,0.5998642656773143
Normalized-frequency-of-beta-turn,39,0.5998612493590324
"Normalized-frequency-of-reverse-turn,-unweighted",164,0.5998612493590324
"Free-energy-of-solution-in-water,-kcal/mole",22,0.5998582330407505
Average-relative-fractional-occurrence-in-EL,308,0.5998552167224686
Normalized-frequency-of-alpha-helix,365,0.5998522004041866
Flexibility-parameter-for-one-rigid-neighbor,142,0.5998522004041866
Normalized-frequency-of-turn,61,0.599080022924019
Isoelectric-point,400,0.5990709739691733
Frequency-of-the-1st-residue-in-turn,48,0.5990679576508914
"Normalized-positional-residue-frequency-at-helix-termini-C""",419,0.5990377944680724
Normalized-positional-residue-frequency-at-helix-termini-Cc,417,0.5983108617621331
Alpha-helix-indices,96,0.5982987964890055
Relative-preference-value-at-N4,327,0.5982957801707236
"Hydrostatic-pressure-asymmetry-index,-PAI",505,0.5982957801707236
Accessible-surface-area,318,0.5975085210991464
Linker-propensity-from-helical,497,0.5975085210991464
Weights-for-coil-at-the-window-position-of--1,288,0.5967423762555425
Normalized-frequency-of-coil,187,0.5959852803667843
Spin-spin-coupling-constants-3JHalpha-NH,17,0.5951950049769252
Helix-initiation-parameter-at-posision-i-1,91,0.5951889723403614
Normalized-positional-residue-frequency-at-helix-termini-Nc,406,0.5928603746267307
Alpha-helix-indices-for-alpha/beta-proteins,99,0.5928452930353212
Averaged-turn-propensities-in-a-transmembrane-helix,452,0.5913069707115495
Negative-charge,88,0.5905468585045094
Normalized-frequency-of-turn-from-CF,227,0.5882122281543148
